t,o,h,l,c,v
1742418000,148.724,148.964,148.174,148.788,245648
1742504400,148.805,149.666,148.586,149.3,243964
1742763600,149.366,150.76,149.361,150.701,226229
1742850000,150.636,150.946,149.55,149.914,203823
1742936400,149.914,150.746,149.841,150.587,224087
1743022800,150.547,151.158,150.061,151.043,249502
1743109200,151.053,151.214,149.684,149.844,272333
1743368400,149.827,150.268,148.702,149.97,364454
1743454800,149.964,150.141,148.977,149.616,323676
1743541200,149.603,150.492,149.102,149.298,332585
1743627600,149.274,149.284,145.19,146.071,659268
1743714000,146.061,147.436,144.552,147.014,930019
1743973200,145.508,148.151,144.82,147.879,1082030
1744059600,147.765,148.124,145.966,146.279,736839
1744146000,146.18,148.284,143.99,147.761,947936
1744232400,147.8,147.8,144.014,144.446,724517
1744318800,144.528,144.664,142.054,143.472,803119
1744578000,143.985,144.083,142.23,143.024,530595
1744664400,143.052,143.597,142.6,143.252,365830
1744750800,143.209,143.282,141.64,141.864,447312
1744837200,141.842,143.088,141.614,142.466,396245
1744923600,142.415,142.553,142.115,142.173,481513
1745182800,142.065,142.162,140.471,140.856,312627
1745269200,140.856,141.67,139.889,141.602,343371
1745355600,141.535,143.58,141.487,143.457,471947
1745442000,143.411,143.429,142.278,142.628,290489
1745528400,142.636,144.031,142.582,143.682,277595
1745787600,143.623,143.898,141.984,142.024,252429
1745874000,142.032,142.76,141.965,142.37,246585
1745960400,142.282,143.192,142.165,143.064,263041
1746046800,143,145.737,142.881,145.398,262437
1746133200,145.45,145.926,143.73,144.957,335532
1746392400,144.732,144.996,143.542,143.7,229474
1746478800,143.752,144.276,142.354,142.404,238594
1746565200,142.504,144.002,142.423,143.826,305042
1746651600,143.746,146.178,143.445,145.909,305645
1746738000,145.834,146.19,144.825,145.374,223298
1746997200,146.176,148.654,145.702,148.477,385420
1747083600,148.448,148.468,147.378,147.477,274524
1747170000,147.49,147.67,145.605,146.744,329199
1747256400,146.719,146.756,145.414,145.695,284996
1747342800,145.691,146.102,144.92,145.64,232202
1747602000,145.328,145.478,144.662,144.854,280645
1747688400,144.866,145.514,144.092,144.508,261824
1747774800,144.529,144.611,143.282,143.66,315094
1747861200,143.632,144.416,142.802,144.011,331959
1747947600,144.058,144.106,142.422,142.558,309615
1748206800,142.51,143.086,142.226,142.842,161111
1748293200,142.851,144.465,142.111,144.351,260653
1748379600,144.332,145.08,143.851,144.87,279763
1748466000,144.81,146.29,143.962,144.186,353052
1748552400,144.194,144.447,143.441,144.06,324556
1748811600,143.862,143.989,142.539,142.698,283662
1748898000,142.736,144.115,142.379,144.004,247826
1748984400,143.992,144.396,142.604,142.766,266317
1749070800,142.726,143.98,142.533,143.582,336567
1749157200,143.547,145.093,143.45,144.859,272793
1749416400,144.885,144.954,143.974,144.606,188787
1749502800,144.551,145.294,144.402,144.897,230623
1749589200,144.869,145.47,144.326,144.6,259055
1749675600,144.527,144.57,143.186,143.5,296482
1749762000,143.5,144.483,142.792,144.114,377577
1750021200,144.021,144.878,143.65,144.784,271379
1750107600,144.727,145.381,144.386,145.286,296832
1750194000,145.287,145.443,144.328,145.132,286058
1750280400,145.111,145.772,144.738,145.466,213767
1750366800,145.468,146.218,145.124,146.092,232697
1750626000,146.704,148.032,146.01,146.151,354782
1750712400,146.165,146.192,144.516,144.917,311021
1750798800,144.945,145.952,144.609,145.257,236705
1750885200,145.202,145.267,143.752,144.391,299249
1750971600,144.442,144.949,144.178,144.663,289200
1751230800,144.376,144.766,143.782,144.024,290690
1751317200,144.041,144.078,142.682,143.406,301986
1751403600,143.403,144.248,143.32,143.66,278494
1751490000,143.709,145.236,143.446,144.922,250569
1751576400,144.928,144.974,144.183,144.491,202111
1751835600,144.45,146.242,144.224,146.07,237998
1751922000,146.054,146.978,145.831,146.562,270831
1752008400,146.638,147.186,146.25,146.308,231732
1752094800,146.359,146.789,145.756,146.247,204811
1752181200,146.26,147.523,146.134,147.423,215780
1752440400,147.206,147.78,146.85,147.732,188657
1752526800,147.728,149.022,147.552,148.849,192560
1752613200,148.903,149.189,146.91,147.88,338829
1752699600,147.832,149.09,147.73,148.608,235249
1752786000,148.587,148.886,148.184,148.844,195471
1753045200,147.975,148.666,147.082,147.346,215338
1753131600,147.375,147.95,146.306,146.646,210338
1753218000,146.626,147.214,146.11,146.51,308324
1753304400,146.478,147.028,145.854,147.002,294486
1753390800,146.989,147.943,146.814,147.668,272822
1753650000,147.764,148.58,147.516,148.545,283933
1753736400,148.495,148.81,148.158,148.472,252782
1753822800,148.491,149.538,147.804,149.526,311947
1753909200,149.482,150.844,148.59,150.766,288356
1753995600,150.718,150.918,147.293,147.42,425525
1754254800,147.262,148.09,146.866,147.092,283370
1754341200,147.144,147.836,146.62,147.556,248443
1754427600,147.591,147.886,146.976,147.357,223791
1754514000,147.37,147.712,146.69,147.152,277004
1754600400,147.129,147.904,146.72,147.752,227067
1754859600,147.572,148.252,147.352,148.146,165883
1754946000,148.128,148.52,147.579,147.856,267358
1755032400,147.786,148.17,147.087,147.382,199682
1755118800,147.392,147.967,146.214,147.752,282509
1755205200,147.757,147.875,146.739,147.154,201054
1755464400,147.202,147.988,147.084,147.855,180813
1755550800,147.77,148.115,147.443,147.67,193814
1755637200,147.643,147.818,146.872,147.312,192637
1755723600,147.349,148.408,147.256,148.389,206720
1755810000,148.337,148.778,146.572,146.926,246730
1756069200,146.887,147.942,146.802,147.753,175508
1756155600,147.752,147.91,146.988,147.43,264214
1756242000,147.387,148.184,147.293,147.416,204187
1756328400,147.414,147.49,146.66,146.944,223477
1756414800,146.9,147.41,146.764,147.066,216391
1756674000,147.017,147.38,146.788,147.18,152921
1756760400,147.206,148.945,147.048,148.338,303488
1756846800,148.336,149.138,147.882,148.109,242806
1756933200,148.07,148.779,147.792,148.464,228894
1757019600,148.512,148.536,146.818,147.418,271419
1757278800,148.187,148.58,147.342,147.53,245210
1757365200,147.503,147.573,146.307,147.403,246369
1757451600,147.364,147.647,147.105,147.465,199126
1757538000,147.396,148.192,146.988,147.226,230017
1757624400,147.221,148.074,147.122,147.672,179917
1757883600,147.63,147.791,147.232,147.418,169952
1757970000,147.343,147.541,146.278,146.456,251758
1758056400,146.478,147.051,145.483,146.999,277496
1758142800,146.965,148.268,146.768,147.996,278715
1758229200,147.944,148.288,147.196,147.956,289487
1758488400,147.919,148.378,147.659,147.736,195509
1758574800,147.775,147.93,147.463,147.658,213703
1758661200,147.618,148.918,147.516,148.909,194115
1758747600,148.864,149.93,148.56,149.799,234543
1758834000,149.841,149.96,149.406,149.519,212186
1759093200,149.5,149.536,148.472,148.598,217305
1759179600,148.611,148.847,147.652,147.94,251766
1759266000,147.85,148.227,146.586,147.071,315409
1759352400,147.068,147.516,146.6,147.264,216734
1759438800,147.264,147.819,147.06,147.49,217132
1759698000,149.413,150.477,149.046,150.35,342408
1759784400,150.314,152.046,150.25,151.9,229219
1759870800,151.932,153.003,151.74,152.697,255825
1759957200,152.72,153.236,152.116,153.084,298735
1760043600,152.957,153.278,151.168,151.174,334647
1760302800,151.882,152.452,151.724,152.3,277788
1760389200,152.221,152.614,151.604,151.81,327053
1760475600,151.802,151.878,150.9,151.072,280194
1760562000,151.084,151.399,150.212,150.436,336872
1760648400,150.415,150.65,149.376,150.65,375793
1760907600,150.469,151.204,150.274,150.766,248262
1760994000,150.707,152.176,150.472,151.926,314900
1761080400,151.898,152.048,151.488,151.964,281388
1761166800,151.944,152.799,151.824,152.596,199981
1761253200,152.587,153.064,152.235,152.882,217475
1761512400,152.858,153.258,152.566,152.88,226818
1761598800,152.862,152.885,151.76,152.115,255646
1761685200,152.119,153.064,151.538,152.74,289721
1761771600,152.694,154.449,152.163,154.149,309972
1761858000,154.136,154.416,153.653,154.017,223337
1762120800,154.043,154.3,153.926,154.212,154442
1762207200,154.25,154.486,153.318,153.665,251401
1762293600,153.668,154.357,152.958,154.114,238683
1762380000,154.106,154.142,152.832,153.072,194137
1762466400,153.041,153.596,152.82,153.419,235876
1762725600,153.75,154.25,153.404,154.132,208283
1762812000,154.062,154.496,153.666,154.156,188542
1762898400,154.13,155.047,154.05,154.815,193427
1762984800,154.773,155.02,154.128,154.536,250490
1763071200,154.499,154.764,153.617,154.524,267841
1763330400,154.575,155.31,154.419,155.264,189790
1763416800,155.239,155.735,154.816,155.522,314402
1763503200,155.5,157.186,155.215,157.169,285551
1763589600,157.144,157.895,156.88,157.466,354352
1763676000,157.506,157.543,156.202,156.409,370049
1763935200,156.443,157.188,156.407,156.922,233978
1764021600,156.861,156.984,155.804,156.073,253112
1764108000,156,156.738,155.652,156.47,260418
1764194400,156.481,156.49,155.72,156.303,128767
1764280800,156.29,156.583,155.984,156.191,461592
1764540000,156.12,156.153,154.663,155.484,278226
1764626400,155.474,156.181,155.429,155.884,218398
1764712800,155.875,155.906,155.01,155.229,223226
1764799200,155.268,155.542,154.509,155.12,274378
1764885600,155.079,155.494,154.343,155.34,222037
1765144800,155.219,155.986,154.9,155.928,220084
1765231200,155.875,156.956,155.744,156.894,228870
1765317600,156.838,156.94,155.795,156.023,231195
1765404000,155.959,156.164,154.945,155.572,261963
1765490400,155.582,156.13,155.448,155.838,204918
1765749600,155.877,155.986,154.837,155.206,188214
1765836000,155.217,155.25,154.396,154.721,281778
1765922400,154.711,155.752,154.513,155.693,217085
1766008800,155.648,155.978,155.284,155.562,219622
1766095200,155.531,157.786,155.502,157.723,239398
1766354400,157.547,157.714,156.705,157.036,202370
1766440800,157.018,157.051,155.65,156.235,225511
1766527200,156.258,156.283,155.555,155.952,215459
1766700000,155.94,156.73,155.752,156.569,202927
1766959200,156.526,156.577,155.916,156.042,194943
1767045600,156.069,156.568,155.744,156.421,193831
1767132000,156.367,156.996,156.332,156.684,185973
1767304800,156.725,157.004,156.522,156.837,137446
1767564000,156.756,157.3,156.116,156.404,223636
1767650400,156.377,156.798,156.164,156.663,203794
1767736800,156.634,156.81,156.294,156.757,166053
1767823200,156.748,157.072,156.46,156.882,149437
1767909600,156.846,158.188,156.795,157.933,203466
1768168800,158.076,158.21,157.517,158.16,170418
1768255200,158.128,159.192,157.898,159.172,204733
1768341600,159.146,159.454,158.094,158.436,237041
1768428000,158.423,158.881,158.222,158.622,205589
1768514400,158.633,158.706,157.823,158.103,193621
1768773600,157.92,158.166,157.425,158.127,169619
1768860000,158.087,158.605,157.471,158.138,293455
1768946400,158.148,158.534,157.748,158.294,262393
1769032800,158.312,158.894,158.18,158.428,214826
1769119200,158.409,159.228,155.606,155.736,302741
1769378400,154.876,155.348,153.304,154.221,401781
1769464800,154.181,154.88,152.09,152.204,359690
1769551200,152.251,154.051,152.206,153.404,378154
1769637600,153.405,153.538,152.682,153.114,361434
1769724000,152.975,154.798,152.865,154.782,423500
1769983200,154.903,155.79,154.552,155.606,355094
1770069600,155.66,156.086,155.295,155.795,269987
1770156000,155.791,156.948,155.689,156.87,246576
1770242400,156.815,157.339,156.526,157.044,312575
1770328800,156.998,157.274,156.512,157.24,225933
1770588000,157.53,157.662,155.524,155.899,343863
1770674400,155.86,156.294,154.055,154.379,265970
1770760800,154.4,154.654,152.55,153.27,321738
1770847200,153.173,153.762,152.27,152.738,351242
1770933600,152.752,153.668,152.596,152.711,290547
1771192800,152.728,153.638,152.632,153.52,126683
1771279200,153.462,153.927,152.7,153.299,259740
1771365600,153.246,154.874,153.071,154.824,189936
1771452000,154.782,155.344,154.544,155.001,224181
1771538400,154.98,155.644,154.716,155.076,272940
1771797600,154.925,155.046,153.996,154.674,224675
1771884000,154.669,156.282,154.526,155.902,225201
1771970400,155.866,156.826,155.348,156.364,218732
1772056800,156.342,156.438,155.699,156.135,213896
1772143200,156.146,156.233,155.54,156.066,216238
1772402400,156.154,157.753,156.128,157.36,321084
1772488800,157.409,157.972,157.151,157.694,327609
1772575200,157.536,157.865,156.856,157.054,271838
1772661600,157.028,157.851,156.454,157.558,296285
1772748000,157.583,158.096,157.382,157.822,291888
1773003600,158.094,158.9,157.633,157.668,389389
1773090000,157.665,158.134,157.276,158.066,312690
1773176400,158.06,158.978,157.864,158.96,254461
1773262800,158.922,159.432,158.57,159.35,248779
1773349200,159.342,159.758,159.008,159.733,275810
1773608400,159.566,159.748,158.851,159.046,229388
1773694800,159.061,159.499,158.724,159,182001
1773781200,159.041,159.904,158.57,159.868,228174
1773867600,159.868,159.868,157.51,157.709,350035
1773954000,157.69,159.391,157.639,159.228,242952
1774213200,159.346,159.658,158.02,158.429,460377
1774299600,158.429,159.192,158.276,158.705,310978
1774386000,158.702,159.503,158.574,159.474,240755
1774472400,159.469,159.853,159.286,159.777,197709
1774558800,159.718,160.414,159.458,160.315,187414
1774818000,160.197,160.464,159.328,159.742,220457
1774904400,159.72,159.975,158.658,158.724,277550
1774990800,158.772,159.014,158.274,158.79,283717
1775077200,158.808,159.747,158.545,159.606,264563
1775163600,159.597,159.824,159.431,159.632,123707
1775422800,159.641,159.834,159.304,159.686,196009
1775509200,159.694,160.032,159.468,159.61,215753
1775595600,159.614,159.78,157.888,158.569,339172
1775682000,158.553,159.299,158.486,158.998,203865
1775768400,158.954,159.383,158.894,159.275,166527
1776027600,159.596,159.862,159.291,159.445,201729
1776114000,159.422,159.443,158.602,158.802,185743
1776200400,158.801,159.153,158.644,158.969,202815
1776286800,159.004,159.308,158.266,159.145,192882
1776373200,159.182,159.532,157.59,158.616,256488
1776632400,158.81,159.204,158.552,158.825,232408
1776718800,158.786,159.642,158.734,159.412,222942
1776805200,159.378,159.576,159.104,159.476,207573
1776891600,159.495,159.847,159.295,159.749,256247
1776978000,159.672,159.842,159.308,159.348,204129
1777237200,159.565,159.601,159.096,159.425,170365
1777323600,159.442,159.788,158.96,159.616,213471
1777410000,159.56,160.478,159.52,160.45,223503
1777496400,160.418,160.726,155.556,156.624,472266
1777582800,156.51,157.33,155.488,157.088,304131
1777842000,156.756,157.305,155.702,157.248,302386
1777928400,157.214,157.921,157.076,157.896,182250
1778014800,157.888,157.94,155.032,156.37,421927
1778101200,156.351,156.956,156.022,156.938,243554
1778187600,156.885,156.992,156.434,156.686,187063
1778446800,156.61,157.273,156.557,157.226,142526
1778533200,157.161,157.766,156.726,157.615,193750
1778619600,157.611,157.926,157.562,157.894,140426
1778706000,157.855,158.423,157.313,158.384,198182
1778792400,158.336,158.847,158.294,158.776,238247
1779051600,158.68,159.082,158.611,158.858,238437
1779138000,158.832,159.252,158.649,159.08,209834
1779224400,159.07,159.168,158.588,158.934,240108
1779310800,158.914,159.347,158.808,158.99,238372
1779397200,158.929,159.234,158.928,159.206,162355
1779656400,158.817,159.042,158.759,158.929,83365
1779742800,158.904,159.383,158.864,159.314,122938
1779829200,159.298,159.581,159.179,159.518,139314
1779915600,159.483,159.654,159.112,159.246,174870
1780002000,159.212,159.38,159.099,159.271,159706
1780261200,159.368,159.766,159.298,159.672,177146
1780347600,159.662,159.988,159.6,159.938,114255
1780434000,159.887,160.098,159.368,160.092,164347
1780520400,160.056,160.078,159.59,160.028,156172
1780606800,160.025,160.342,159.724,160.317,176908
1780866000,160.258,160.394,159.84,160.178,192610
1780952400,160.146,160.448,160.053,160.364,159690
1781038800,160.342,160.578,160.238,160.554,158257
1781125200,160.505,160.596,159.536,159.97,183104
1781211600,159.946,160.376,159.92,160.228,191695
1781470800,160.148,160.396,159.738,160.356,133724
1781557200,160.344,160.483,160.051,160.466,144680
1781643600,160.421,160.798,160.115,160.684,177245
1781730000,160.662,161.81,160.476,161.41,204437
1781816400,161.397,161.459,160.986,161.31,159947
1782075600,161.266,161.928,161.072,161.6,207152
1782162000,161.562,161.742,161.264,161.578,171030
1782248400,161.54,161.84,161.514,161.81,144789
1782334800,161.776,161.95,161.557,161.804,158165
1782421200,161.793,161.848,161.532,161.75,152818
1782680400,161.74,161.983,161.72,161.944,120260
1782766800,161.912,162.672,161.891,162.589,186184
1782853200,162.558,162.84,162.294,162.602,170942
1782939600,162.589,162.598,160.624,161.121,333677
1783026000,161.089,161.524,160.48,161.383,189147
1783285200,161.306,162.427,161.294,162.096,157315
1783371600,162.094,162.182,161.654,162.118,176934
1783458000,162.102,162.711,162.078,162.64,185110
1783544400,162.562,162.616,162.247,162.396,137401
1783630800,162.39,162.44,161.282,161.705,238751
1783890000,161.733,162.488,161.68,162.464,253747
1783976400,162.426,162.487,161.606,162.268,249448
1784062800,162.197,162.424,161.895,162.195,179452
1784149200,162.161,162.549,161.982,162.373,154627
1784235600,162.43,162.522,162.127,162.414,137355
1784494800,162.463,162.602,162.2,162.505,121416
1784581200,162.507,163.241,162.432,163.198,129189
1784667600,163.182,163.229,162.666,163.166,157659
1784754000,163.131,163.988,162.996,163.868,183321
1784840400,163.868,163.938,163.644,163.85,153942
1785099600,163.587,163.799,163.33,163.746,168133
1785186000,163.714,163.951,163.645,163.869,136797
1785272400,163.796,163.908,163.23,163.438,221042
1785358800,163.406,163.74,157.953,159.547,464505
1785445200,159.495,160.884,157.275,157.452,586185
1785704400,157.165,157.888,155.226,157.195,423279
1785790800,157.201,157.96,157.19,157.746,283018
1785877200,157.772,157.876,157.306,157.77,262069
1785963600,157.746,158.556,157.56,158.462,162055
1786050000,158.454,158.575,156.666,157.805,250539
1786309200,157.72,159.368,157.629,159.308,202102
1786395600,159.244,159.389,158.921,159.29,156395
1786482000,159.29,159.547,158.576,159.426,205390
1786568400,159.427,159.567,159.024,159.518,175412
1786654800,159.497,159.539,158.603,159.321,203895
1786914000,159.342,159.598,158.846,159.469,169439
1787000400,159.489,159.78,159.298,159.627,165690
1787086800,159.65,159.65,158.044,158.158,301214
1787173200,158.143,159.184,158.029,159.069,283384
1787259600,159.042,159.134,158.354,158.982,241276
1787518800,159.002,159.283,158.558,159.104,233933
1787605200,159.103,159.493,159.056,159.204,202501
1787691600,159.23,159.446,158.881,159.316,199917
1787778000,159.314,159.529,159.116,159.402,187488
1787864400,159.39,160.204,159.296,160.104,203320
1788123600,160.084,160.201,159.474,159.74,220932
1788210000,159.752,160.275,159.634,160.198,198637
1788296400,160.183,160.394,158.209,158.732,350842
1788382800,158.695,158.968,155.3,155.807,506784
1788469200,155.83,156.762,155.292,156.254,409487
1788728400,156.008,156.293,154.058,154.352,274360
1788814800,154.364,154.424,152.888,154,447753
1788901200,153.996,154.019,152.937,153.545,434536
1788987600,153.553,154.672,153.284,154.457,349041
1789074000,154.387,154.618,153.24,153.533,401576
1789333200,153.53,155,153.374,154.344,381352
1789419600,154.35,155.24,154.213,155.118,333979
1789506000,155.114,156.414,154.837,156.304,379985
1789592400,156.242,156.314,155.338,155.96,364121
1789678800,155.966,158.058,155.87,156.892,440606
1789938000,156.86,157.531,156.575,157.386,303414
1790024400,157.318,157.778,156.822,157.393,338829
1790110800,157.37,158.403,157.341,158.34,287226
1790197200,158.306,159.037,157.796,158.856,393287
1790283600,158.866,158.949,156.938,157.295,379919
1790542800,157.252,157.86,156.508,157.378,380371
1790629200,157.404,157.716,156.981,157.286,351031
1790715600,157.336,157.542,156.375,157.411,415180
1790802000,157.385,158.457,157.226,158.088,418047
1790888400,158.158,158.22,156.951,157.874,438228
